Iteration,birefringence active L2,birefringence active negative penalty
1,0.9282987117767334,0.0
2,0.924590528011322,0.0
3,0.9207258820533752,0.0
4,0.9161234498023987,0.0
5,0.9107747673988342,0.0
6,0.9046670198440552,0.0
7,0.8981339931488037,0.0
8,0.8911834955215454,0.0
9,0.8846223950386047,0.0
10,0.8781901001930237,0.0
