Iteration,Discrepancy
1,0.0021672043949365616
2,0.002159430645406246
3,0.0021519437432289124
4,0.002144103404134512
5,0.0021362709812819958
6,0.002129067201167345
7,0.002123074373230338
8,0.002118631498888135
9,0.0021156822331249714
10,0.002113774884492159
11,0.0021122933831065893
12,0.0021108698565512896
13,0.0021093166433274746
14,0.0021076290868222713
15,0.0021058632992208004
16,0.002104091690853238
17,0.0021023887675255537
18,0.0021008276380598545
