Iteration,birefringence active L2,birefringence active negative penalty
1,0.8560082316398621,0.0
2,0.8480434417724609,0.0
3,0.839431881904602,0.0
4,0.8289281725883484,0.0
5,0.816088855266571,0.0
6,0.8007200956344604,0.0
7,0.7827740907669067,0.0
8,0.762304961681366,0.0
9,0.739431619644165,0.0
10,0.7143129110336304,0.0
