Total Loss,Data Term Loss,Regularization Term Loss,Optic Axis Learning Rate,Birefringence Learning Rate
36.22224044799805,32.80558776855469,3.4166524410247803,0.09938503261272713,1.9e-05
33.330284118652344,29.928279876708984,3.402003526687622,0.09755527298894293,2.8000000000000003e-05
