Total Loss,Data Term Loss,Regularization Term Loss,Optic Axis Learning Rate,Birefringence Learning Rate
68.48687744140625,66.8416748046875,1.6452032327651978,0.09938503261272713,1.9e-05
63.48483657836914,61.84710693359375,1.637728214263916,0.09755527298894293,2.8000000000000003e-05
