Total Loss,Data Term Loss,Regularization Term Loss,Optic Axis Learning Rate,Birefringence Learning Rate
146.29327392578125,143.69068908691406,2.6025891304016113,0.09938503261272713,1.9e-05
138.62123107910156,136.03152465820312,2.5897092819213867,0.09755527298894293,2.8000000000000003e-05
