Iteration,birefringence active L2,birefringence active negative penalty
1,0.36681681871414185,0.0
2,0.3645022511482239,0.0
3,0.36221885681152344,0.0
4,0.35973915457725525,0.0
5,0.35690534114837646,0.0
6,0.3537396490573883,0.0
7,0.350249707698822,0.0
8,0.34658730030059814,0.0
9,0.34295976161956787,0.0
10,0.33969175815582275,0.0
