Iteration,birefringence active L2,birefringence active negative penalty
1,1.4734809398651123,0.0
2,1.4657543897628784,0.0
3,1.4577518701553345,0.0
4,1.4483702182769775,0.0
5,1.4373383522033691,0.0
6,1.424539566040039,0.0
7,1.409846544265747,0.0
8,1.3931198120117188,0.0
9,1.3742567300796509,0.0
10,1.3531996011734009,0.0
