Iteration,Discrepancy
1,0.0021672043949365616
2,0.002159552415832877
3,0.002152164001017809
4,0.002144438913092017
5,0.002136779949069023
6,0.002129876520484686
7,0.0021243691444396973
8,0.002120551187545061
9,0.0021181958727538586
10,0.0021167078521102667
