Total Loss,Data Term Loss,Regularization Term Loss,Optic Axis Learning Rate,Birefringence Learning Rate
68.48688507080078,66.84168243408203,1.6452033519744873,0.09938503261272713,1.9e-05
