Iteration,Discrepancy
1,0.0021672043949365616
2,0.002159552415832877
3,0.0021521574817597866
4,0.002144415397197008
5,0.002136722207069397
6,0.002129760105162859
7,0.0021241619251668453
8,0.0021202180068939924
9,0.0021177080925554037
10,0.002116045681759715
