Iteration,birefringence active L2,birefringence active negative penalty
1,0.8560081720352173,0.0
2,0.8480434417724609,0.0
3,0.839431881904602,0.0
4,0.8289281129837036,0.0
5,0.816088855266571,0.0
6,0.8007199764251709,0.0
7,0.7827740907669067,0.0
8,0.7623050212860107,0.0
9,0.7394315600395203,0.0
10,0.7143128514289856,0.0
