Total Loss,Data Term Loss,Regularization Term Loss,Optic Axis Learning Rate,Birefringence Learning Rate
0.10795296728610992,0.00012343564594630152,0.10782953351736069,0.09938503261272713,1.9e-05
0.11214324086904526,0.007315224502235651,0.10482801496982574,0.09755527298894293,2.8000000000000003e-05
