Total Loss,Data Term Loss,Regularization Term Loss,Optic Axis Learning Rate,Birefringence Learning Rate
67.66427612304688,66.8416748046875,0.8226016163825989,0.09938503261272713,1.9e-05
62.66600036621094,61.84709548950195,0.8189040422439575,0.09755527298894293,2.8000000000000003e-05
