Iteration,Discrepancy
1,0.002167204162105918
2,0.002159552648663521
3,0.0021521577145904303
4,0.0021444151643663645
5,0.0021367224399000406
6,0.0021297603379935026
7,0.0021241616923362017
8,0.0021202177740633488
9,0.0021177080925554037
10,0.002116045681759715
